{"cameraMode":{"drawMode":0,"name":"Shaded","section":"Shading Mode"},"sceneLighting":true,"audioPlay":false,"sceneViewState":{"showFog":true,"showMaterialUpdate":false,"showSkybox":true,"showFlares":true,"showImageEffects":true,"showParticleSystems":true},"in2DMode":false,"pivot":{"x":0.8363452553749085,"y":-6.372123718261719,"z":87.453125},"rotation":{"x":-0.01868174597620964,"y":-0.6803207397460938,"z":-0.017352432012557985,"w":0.7324744462966919},"size":78.0322494506836,"orthographic":false}