{"cameraMode":{"drawMode":0,"name":"Shaded","section":"Shading Mode"},"sceneLighting":true,"audioPlay":false,"sceneViewState":{"showFog":true,"showMaterialUpdate":false,"showSkybox":true,"showFlares":true,"showImageEffects":true,"showParticleSystems":true},"in2DMode":false,"pivot":{"x":-0.34281212091445925,"y":2.1892666816711427,"z":0.4409310817718506},"rotation":{"x":0.146470308303833,"y":-0.7602832317352295,"z":0.18388429284095765,"w":0.6055686473846436},"size":3.5661144256591799,"orthographic":false}